{
  "project_info": {
    "project_number": "402411470525",
    "firebase_url": "https://trainway-9a85a-default-rtdb.firebaseio.com",
    "project_id": "trainway-9a85a",
    "storage_bucket": "trainway-9a85a.appspot.com"
  },
  "client": [
    {
      "client_info": {
        "mobilesdk_app_id": "1:402411470525:android:6d7e5717616e95837dc1d4",
        "android_client_info": {
          "package_name": "com.example.appauthent"
        }
      },
      "oauth_client": [
        {
          "client_id": "402411470525-ikifvs1otg7ida7tudb4njppce2l81fs.apps.googleusercontent.com",
          "client_type": 3
        }
      ],
      "api_key": [
        {
          "current_key": "AIzaSyAQSzRgVDFZEGZes0c1SUeQYV1KmE9DfJ4"
        }
      ],
      "services": {
        "appinvite_service": {
          "other_platform_oauth_client": [
            {
              "client_id": "402411470525-ikifvs1otg7ida7tudb4njppce2l81fs.apps.googleusercontent.com",
              "client_type": 3
            }
          ]
        }
      }
    },
    {
      "client_info": {
        "mobilesdk_app_id": "1:402411470525:android:332f8c67c0b570567dc1d4",
        "android_client_info": {
          "package_name": "com.example.helloworld"
        }
      },
      "oauth_client": [
        {
          "client_id": "402411470525-ikifvs1otg7ida7tudb4njppce2l81fs.apps.googleusercontent.com",
          "client_type": 3
        }
      ],
      "api_key": [
        {
          "current_key": "AIzaSyAQSzRgVDFZEGZes0c1SUeQYV1KmE9DfJ4"
        }
      ],
      "services": {
        "appinvite_service": {
          "other_platform_oauth_client": [
            {
              "client_id": "402411470525-ikifvs1otg7ida7tudb4njppce2l81fs.apps.googleusercontent.com",
              "client_type": 3
            }
          ]
        }
      }
    },
    {
      "client_info": {
        "mobilesdk_app_id": "1:402411470525:android:142f627da74652f77dc1d4",
        "android_client_info": {
          "package_name": "com.example.trainway"
        }
      },
      "oauth_client": [
        {
          "client_id": "402411470525-su6rnue2qlb7rj1elbb3adv6dfbufavr.apps.googleusercontent.com",
          "client_type": 1,
          "android_info": {
            "package_name": "com.example.trainway",
            "certificate_hash": "a0be6a5406ae2aa85260177f3f5f302cb9d7d9e7"
          }
        },
        {
          "client_id": "402411470525-ikifvs1otg7ida7tudb4njppce2l81fs.apps.googleusercontent.com",
          "client_type": 3
        }
      ],
      "api_key": [
        {
          "current_key": "AIzaSyAQSzRgVDFZEGZes0c1SUeQYV1KmE9DfJ4"
        }
      ],
      "services": {
        "appinvite_service": {
          "other_platform_oauth_client": [
            {
              "client_id": "402411470525-ikifvs1otg7ida7tudb4njppce2l81fs.apps.googleusercontent.com",
              "client_type": 3
            }
          ]
        }
      }
    }
  ],
  "configuration_version": "1"
}